93.180.71.3, 17/May/2015:08:05:32 +0000, GET, /downloads/product_1
93.180.71.3, 17/May/2015:08:05:23 +0000, GET, /downloads/product_1
80.91.33.133, 17/May/2015:08:05:24 +0000, GET, /downloads/product_1
217.168.17.5, 17/May/2015:08:05:34 +0000, GET, /downloads/product_1
217.168.17.5, 17/May/2015:08:05:09 +0000, GET, /downloads/product_2
93.180.71.3, 17/May/2015:08:05:57 +0000, GET, /downloads/product_1
217.168.17.5, 17/May/2015:08:05:02 +0000, GET, /downloads/product_2
217.168.17.5, 17/May/2015:08:05:42 +0000, GET, /downloads/product_1
80.91.33.133, 17/May/2015:08:05:01 +0000, GET, /downloads/product_1
93.180.71.3, 17/May/2015:08:05:27 +0000, GET, /downloads/product_1
217.168.17.5, 17/May/2015:08:05:12 +0000, GET, /downloads/product_2
188.138.60.101, 17/May/2015:08:05:49 +0000, GET, /downloads/product_2
